{"batch_token_accuracy":0.19244632502742517,"batch_rouge_l_f":0.43534436901432166,"token_accuracy":0.19244632502742517,"semantic_similarity":0.39674232224064154,"rouge_l_f":0.43534436901432166,"_wandb":{"runtime":377},"_runtime":377,"batch_rouge_2_f":0.17596191943400868,"bleu_score":0.16029985214318337,"_timestamp":1.757646910072272e+09,"batch_num":20,"batch_avg_reference_length":6.037,"batch_avg_prediction_length":4.286,"batch_bleu_score":0.16029985214318337,"batch_length_ratio":0.709955275799238,"rouge_1_f":0.4375842397504717,"batch_rouge_1_f":0.4375842397504717,"total_samples":1000,"exact_match_accuracy":0.283,"_step":20,"length_ratio":0.709955275799238,"batch_semantic_similarity":0.39674232224064154,"rouge_2_f":0.17596191943400868,"avg_reference_length":6.037,"avg_prediction_length":4.286,"batch_exact_match_accuracy":0.283}