{"loss":4.541404724121094,"lr":5.499972273221516e-07,"epoch_Time":575,"_timestamp":1.76016348249564e+09,"_runtime":269.3981412,"_step":9,"_wandb":{"runtime":276}}