{"batch_length_ratio":0.7491891891891892,"token_accuracy":0.23182645017853534,"batch_num":40,"_step":40,"batch_bleu_score":0.16359616274817781,"batch_avg_prediction_length":5.1975,"rouge_l_f":0.43584911823844735,"bleu_score":0.16359616274817781,"batch_exact_match_accuracy":0.27,"semantic_similarity":0.3936743692726939,"exact_match_accuracy":0.27,"batch_rouge_l_f":0.43584911823844735,"_runtime":283,"avg_reference_length":6.9375,"batch_token_accuracy":0.23182645017853534,"_wandb":{"runtime":283},"avg_prediction_length":5.1975,"total_samples":2000,"batch_semantic_similarity":0.3936743692726939,"batch_avg_reference_length":6.9375,"batch_rouge_1_f":0.4371484323694644,"batch_rouge_2_f":0.17906480106869485,"rouge_1_f":0.4371484323694644,"length_ratio":0.7491891891891892,"_timestamp":1.7602548726357667e+09,"rouge_2_f":0.17906480106869485}