{"lr":5.000005514262813e-08,"epoch_Time":0,"_wandb":{"runtime":5318},"_runtime":5318,"_timestamp":1.7575647926984477e+09,"_step":1183,"loss":1.5681867599487305}