{"epoch_Time":0,"_timestamp":1.7575291738843708e+09,"_step":441,"_wandb":{"runtime":2824},"_runtime":2824,"loss":2.292360544204712,"lr":5.0002277474223516e-05}