{"_runtime":328,"epoch_Time":251,"_timestamp":1.757525502732143e+09,"_step":8,"loss":5.163073539733887,"lr":0.0005495952243549188,"_wandb":{"runtime":328}}