{"batch_num":20,"batch_avg_reference_length":13.002,"batch_rouge_l_f":0.08571241617235305,"batch_length_ratio":2.797031225965236,"_step":20,"rouge_2_f":0.005352971714313713,"rouge_l_f":0.08571241617235305,"batch_bleu_score":0.005220434259615104,"semantic_similarity":0.04764620082897831,"batch_rouge_1_f":0.08679059529170861,"bleu_score":0.005220434259615104,"_timestamp":1.7576149617235875e+09,"rouge_1_f":0.08679059529170861,"_runtime":11534,"exact_match_accuracy":0,"_wandb":{"runtime":11534},"batch_token_accuracy":0.017366059646344682,"batch_rouge_2_f":0.005352971714313713,"avg_prediction_length":36.367,"batch_semantic_similarity":0.04764620082897831,"token_accuracy":0.017366059646344682,"avg_reference_length":13.002,"batch_avg_prediction_length":36.367,"batch_exact_match_accuracy":0,"length_ratio":2.797031225965236,"total_samples":1000}