{"_runtime":1206.4794971,"_step":79,"loss":1.7493008375167847,"lr":5.497863969128813e-07,"_wandb":{"runtime":1219},"epoch_Time":283,"_timestamp":1.760164251907288e+09}