{"lr":5.0000008822820775e-08,"epoch_Time":0,"_timestamp":1.757595472750263e+09,"_wandb":{"runtime":12378},"_runtime":12378,"_step":2959,"loss":1.3289541006088257}