{"_wandb":{"runtime":29},"_runtime":26.7677722,"_step":0,"loss":6.812559127807617,"lr":5.5e-07,"epoch_Time":34180,"_timestamp":1.7601631659671342e+09}